review,sentiment
"This movie was fantastic and I loved every minute of it.",positive
"The acting was excellent and the story was moving.",positive
"A brilliant film with wonderful performances.",positive
"I really enjoyed this entertaining and heartfelt movie.",positive
"The director created a beautiful and exciting experience.",positive
"Amazing characters and a powerful ending made this memorable.",positive
"The screenplay was clever and the actors were outstanding.",positive
"What a delightful movie; it was funny, warm, and charming.",positive
"This is one of the best movies I have watched this year.",positive
"The visuals were stunning and the music was perfect.",positive
"An excellent story told with confidence and great emotion.",positive
"I loved the plot, the cast, and the satisfying conclusion.",positive
"It was a superb film that kept me interested throughout.",positive
"The movie was inspiring and surprisingly touching.",positive
"Great pacing and believable acting made this film a joy.",positive
"This smart thriller was exciting from beginning to end.",positive
"A funny, creative, and genuinely enjoyable comedy.",positive
"The lead actor gave an impressive and convincing performance.",positive
"I would happily recommend this wonderful movie to friends.",positive
"The story was original, engaging, and beautifully filmed.",positive
"A positive surprise with excellent dialogue and strong direction.",positive
"This charming drama had a lovely message and great cast.",positive
"Every scene felt meaningful and the ending was amazing.",positive
"The film was well written, emotional, and very satisfying.",positive
"An exciting adventure with lovable characters and good humor.",positive
"The movie was terrible and I regretted watching it.",negative
"The story was boring and the acting was disappointing.",negative
"A poorly written film with weak characters.",negative
"I did not enjoy this dull and predictable movie.",negative
"The plot made no sense and the ending was awful.",negative
"This was a waste of time with terrible dialogue.",negative
"The acting was wooden and the pacing was painfully slow.",negative
"An annoying movie that was neither funny nor interesting.",negative
"I found this film confusing, lazy, and boring.",negative
"The visuals could not save this bad and empty story.",negative
"A disappointing sequel with no excitement or heart.",negative
"The characters were shallow and the script was terrible.",negative
"This movie dragged on forever and became exhausting.",negative
"The jokes were bad and the comedy never worked.",negative
"A horrible film with an unpleasant and pointless ending.",negative
"The director wasted a promising idea with poor execution.",negative
"I hated the dull plot and the unconvincing performances.",negative
"This was an incredibly boring and forgettable experience.",negative
"The movie was messy, slow, and badly edited.",negative
"Nothing about this disappointing film felt original.",negative
"A weak thriller without suspense, logic, or good acting.",negative
"The story was predictable and the characters were annoying.",negative
"This failed drama was overly long and emotionally empty.",negative
"The ending was rushed, confusing, and completely unsatisfying.",negative
"I cannot recommend this awful movie to anyone.",negative
"An excellent movie with a wonderful story and great acting.",positive
"This excellent movie was enjoyable and beautifully made.",positive
"A wonderful movie with excellent acting and a good story.",positive
"I enjoyed this excellent movie and its great characters.",positive
"This good movie was exciting, excellent, and satisfying.",positive
"A fantastic movie with excellent performances and a wonderful ending.",positive
"The excellent acting made this movie enjoyable and memorable.",positive
"What a great movie; the story was excellent and uplifting.",positive
"This wonderful film was good, exciting, and very enjoyable.",positive
"An amazing movie with great acting and an excellent plot.",positive
"The movie was excellent, charming, and thoroughly enjoyable.",positive
"A good story and excellent cast made this movie wonderful.",positive
"This fantastic movie was a great and satisfying experience.",positive
"Excellent direction and good acting made the movie amazing.",positive
"I loved this wonderful movie with its excellent characters.",positive
"A great film that was enjoyable, exciting, and well made.",positive
"The movie had an excellent story and fantastic performances.",positive
"This was a good movie with a wonderful and happy ending.",positive
"An enjoyable movie with excellent dialogue and great pacing.",positive
"The fantastic acting made this excellent movie shine.",positive
"A wonderful, good movie that I really enjoyed watching.",positive
"This excellent film was amazing from start to finish.",positive
"Great characters and an excellent story made this enjoyable.",positive
"A fantastic and wonderful movie with good performances.",positive
"This good movie was excellent, memorable, and exciting.",positive
"A terrible movie with a boring story and bad acting.",negative
"This terrible movie was boring and disappointing.",negative
"A boring movie with terrible acting and a bad story.",negative
"I hated this terrible movie and its boring characters.",negative
"This bad movie was dull, terrible, and unsatisfying.",negative
"A horrible movie with boring performances and a terrible ending.",negative
"The terrible acting made this movie boring and forgettable.",negative
"What a bad movie; the story was terrible and pointless.",negative
"This horrible film was dull, boring, and disappointing.",negative
"A terrible movie with bad acting and a boring plot.",negative
"The movie was terrible, annoying, and completely boring.",negative
"A bad story and terrible cast made this movie horrible.",negative
"This boring movie was a bad and disappointing experience.",negative
"Terrible direction and bad acting made the movie awful.",negative
"I hated this horrible movie with its boring characters.",negative
"A bad film that was boring, dull, and poorly made.",negative
"The movie had a terrible story and horrible performances.",negative
"This was a bad movie with a boring and pointless ending.",negative
"A disappointing movie with terrible dialogue and bad pacing.",negative
"The horrible acting made this terrible movie fail.",negative
"A boring, bad movie that I disliked watching.",negative
"This terrible film was awful from start to finish.",negative
"Bad characters and a boring story made this disappointing.",negative
"A horrible and terrible movie with bad performances.",negative
"This bad movie was terrible, forgettable, and boring.",negative
